Temp,Humidity,pressure,dateTime,Rain,wind_speed
20.19,964.95,23.78,2024-04-23 10:28:21.297746,1,0.63379
16.19,964.98,27.83,2024-04-23 10:31:51.647731,1,0.63379
13.26,964.94,35.04,2024-04-23 10:36:05.012750,1,0.00000
12.35,965.06,34.05,2024-04-23 10:43:42.313458,1,0.63379
12.04,965.06,35.27,2024-04-23 10:45:38.153463,1,0.63379
12.47,965.05,34.57,2024-04-23 10:45:58.157473,1,0.63379
12.91,964.94,33.90,2024-04-23 10:46:18.161378,1,0.63379
12.07,965.04,34.83,2024-04-23 10:46:38.165262,1,0.63379
12.15,965.01,35.18,2024-04-23 10:46:58.169154,1,0.63379
12.07,964.99,34.73,2024-04-23 10:47:18.173053,1,0.63379
11.70,965.05,36.14,2024-04-23 10:48:06.553592,1,0.63379
11.83,964.96,36.05,2024-04-23 10:48:35.196274,1,0.63379
11.73,965.00,36.45,2024-04-23 10:58:35.200280,1,0.63379
10.36,964.98,39.41,2024-04-23 11:08:35.204170,1,0.63379
10.88,964.98,37.67,2024-04-23 11:18:35.208075,1,0.63379
09.70,964.97,41.87,2024-04-23 11:28:35.211961,1,0.63379
10.29,964.99,38.67,2024-04-23 11:38:35.215829,1,0.63379
13.17,964.84,34.18,2024-04-23 11:48:35.219711,1,0.00000
11.22,964.78,36.50,2024-04-23 11:58:35.223986,1,0.63379
15.83,964.68,30.50,2024-04-23 12:08:35.228048,1,0.63379
12.11,964.76,34.20,2024-04-23 12:18:35.232447,1,0.63379
12.46,964.58,32.83,2024-04-23 12:28:35.236496,1,0.79817
15.10,964.61,29.74,2024-04-23 12:38:35.240539,1,0.63379
15.24,964.45,27.38,2024-04-23 12:48:35.244580,1,0.63379
21.02,964.25,20.77,2024-04-23 12:58:35.248653,1,0.63379
21.25,964.15,21.08,2024-04-23 13:08:35.252488,1,0.63379
21.64,963.91,21.56,2024-04-23 13:18:35.256335,1,0.63379
23.21,963.98,19.93,2024-04-23 13:28:35.260174,1,0.63379
20.30,963.94,20.40,2024-04-23 13:38:35.264213,1,0.63379
15.10,964.07,28.41,2024-04-23 13:48:35.268067,1,0.63379
20.67,963.62,20.89,2024-04-23 13:58:35.271925,1,0.63379
19.42,963.67,22.82,2024-04-23 14:08:35.275781,1,0.00000
16.94,963.72,25.01,2024-04-23 14:18:35.279638,1,0.87123
18.31,963.57,22.09,2024-04-23 14:28:35.283496,1,0.63379
18.06,963.53,24.74,2024-04-23 14:38:35.287351,1,0.63379
17.77,963.44,23.82,2024-04-23 14:48:35.291210,1,0.63379
14.75,963.33,28.12,2024-04-23 14:58:35.295053,1,0.00000
15.46,963.29,27.20,2024-04-23 15:08:35.298928,1,0.63379
15.61,963.16,26.97,2024-04-23 15:18:35.302819,1,0.63379
15.39,963.15,28.78,2024-04-23 15:28:35.307218,1,0.63379
14.85,963.00,29.25,2024-04-23 15:38:35.311068,1,0.63379
15.13,962.92,28.56,2024-04-23 15:48:35.315418,1,0.63379
14.01,962.88,29.63,2024-04-23 15:58:35.319269,1,0.63379
13.92,962.71,30.29,2024-04-23 16:08:35.323312,1,0.63379
14.63,962.74,28.87,2024-04-23 16:18:35.327168,1,0.63379
14.00,962.86,29.39,2024-04-23 16:28:35.331214,1,0.63379
14.46,962.65,28.74,2024-04-23 16:38:35.335071,1,0.63379
14.35,962.78,29.21,2024-04-23 16:48:35.338926,1,0.63379
14.37,962.70,29.79,2024-04-23 16:58:35.342788,1,0.63379
14.74,962.80,29.81,2024-04-23 17:08:35.346845,1,0.63379
14.07,962.83,30.85,2024-04-23 17:18:35.350699,1,0.63379
12.93,962.84,31.46,2024-04-23 17:28:35.354754,1,0.63379
13.00,962.83,31.02,2024-04-23 17:38:35.358631,1,0.63379
12.97,962.88,31.11,2024-04-23 17:48:35.362540,1,0.63379
12.44,962.85,32.96,2024-04-23 17:58:35.366382,1,0.63379
13.02,962.88,31.79,2024-04-23 18:08:35.370234,1,0.63379
12.66,962.76,33.07,2024-04-23 18:18:35.374091,1,0.63379
12.53,962.83,33.92,2024-04-23 18:28:35.377941,1,0.63379
12.54,962.85,34.92,2024-04-23 18:38:35.381791,1,0.63379
12.69,962.88,33.68,2024-04-23 18:48:35.385648,1,0.63379
12.19,962.90,35.50,2024-04-23 18:58:35.389496,1,0.63379
11.73,962.83,35.90,2024-04-23 19:08:35.393882,1,0.63379
12.60,962.83,35.52,2024-04-23 19:18:35.398269,1,0.63379
11.38,962.82,36.82,2024-04-23 19:28:35.402961,1,0.63379
11.78,962.78,36.81,2024-04-23 19:38:35.407277,1,0.63379
11.64,962.83,36.58,2024-04-23 19:48:35.411137,1,0.63379
12.41,962.79,36.85,2024-04-23 19:58:35.414998,1,0.63379
10.93,962.79,39.24,2024-04-23 20:08:35.418866,1,0.63379
12.35,962.77,37.86,2024-04-23 20:18:35.422733,1,0.63379
11.95,962.84,39.49,2024-04-23 20:28:35.426623,1,0.63379
11.80,962.84,41.31,2024-04-23 20:38:35.430505,1,0.63379
12.69,962.83,40.32,2024-04-23 20:48:35.434397,1,0.63379
12.54,962.84,41.96,2024-04-23 20:58:35.438240,1,0.63379
11.61,962.88,42.70,2024-04-23 21:08:35.442275,1,0.63379
11.48,962.89,45.27,2024-04-23 21:18:35.446303,1,0.63379
11.28,963.09,44.39,2024-04-23 21:28:35.450358,1,0.63379
10.98,963.08,45.59,2024-04-23 21:38:35.454208,1,0.63379
10.58,962.99,46.79,2024-04-23 21:48:35.458071,1,0.63379
09.92,963.07,48.01,2024-04-23 21:58:35.461925,1,0.63379
08.73,963.15,50.40,2024-04-23 22:08:35.465792,1,0.63379
09.24,963.12,49.34,2024-04-23 22:18:35.469650,1,0.63379
09.23,963.11,50.10,2024-04-23 22:28:35.473499,1,0.63379
08.79,963.11,50.78,2024-04-23 22:38:35.477343,1,0.63379
08.37,963.10,51.23,2024-04-23 22:48:35.481212,1,0.63379
07.02,963.13,55.13,2024-04-23 22:58:35.485060,1,0.63379
06.45,963.10,56.42,2024-04-23 23:08:35.488916,1,0.63379
06.90,963.08,55.58,2024-04-23 23:18:35.492770,1,0.63379
07.03,962.98,54.32,2024-04-23 23:28:35.496625,1,0.63379
07.50,962.96,53.06,2024-04-23 23:38:35.500458,1,0.63379
07.03,962.91,54.57,2024-04-23 23:48:35.504331,1,0.63379
05.58,962.94,57.88,2024-04-23 23:58:35.508185,1,0.63379
05.42,962.90,57.81,2024-04-24 00:08:35.512056,1,0.63379
06.52,962.88,55.04,2024-04-24 00:18:35.515899,1,0.63379
05.56,962.74,57.72,2024-04-24 00:28:35.519934,1,0.63379
05.89,962.73,57.17,2024-04-24 00:38:35.523791,1,0.63379
04.56,962.74,58.76,2024-04-24 00:48:35.527637,1,0.63379
05.38,962.60,56.28,2024-04-24 00:58:35.531924,1,0.63379
04.72,962.62,57.63,2024-04-24 01:08:35.536216,1,0.63379
04.39,962.58,58.70,2024-04-24 01:18:35.540503,1,0.63379
05.02,962.45,57.18,2024-04-24 01:28:35.544522,1,0.63379
04.99,962.35,56.71,2024-04-24 01:38:35.548525,1,0.63379
05.03,962.24,57.10,2024-04-24 01:48:35.552380,1,0.63379
04.16,962.13,58.53,2024-04-24 01:58:35.556211,1,0.63379
05.28,962.00,56.68,2024-04-24 02:08:35.560240,1,0.63379
03.80,961.94,59.55,2024-04-24 02:18:35.564103,1,0.63379
05.22,961.96,56.90,2024-04-24 02:28:35.567952,1,0.63379
05.14,961.91,56.54,2024-04-24 02:38:35.571804,1,0.63379
04.83,961.79,56.23,2024-04-24 02:48:35.575843,1,0.63379
04.33,961.74,59.44,2024-04-24 02:58:35.579859,1,0.63379
04.19,961.61,59.07,2024-04-24 03:08:35.583709,1,0.63379
04.19,961.51,59.55,2024-04-24 03:18:35.587548,1,0.63379
04.55,961.40,57.74,2024-04-24 03:28:35.591575,1,0.63379
04.50,961.31,58.73,2024-04-24 03:38:35.595418,1,0.63379
05.27,961.29,57.87,2024-04-24 03:48:35.599273,1,0.63379
04.86,961.21,58.23,2024-04-24 03:58:35.603113,1,0.63379
04.75,961.16,58.45,2024-04-24 04:08:35.607151,1,0.63379
03.80,961.21,61.00,2024-04-24 04:18:35.611189,1,0.63379
05.08,961.16,56.60,2024-04-24 04:28:35.615035,1,0.63379
04.67,961.11,58.74,2024-04-24 04:38:35.619073,1,0.63379
04.61,960.99,59.06,2024-04-24 04:48:35.622942,1,0.63379
04.47,960.88,59.57,2024-04-24 04:58:35.626826,1,0.63379
05.82,960.77,56.87,2024-04-24 05:08:35.630671,1,0.63379
04.95,960.71,59.21,2024-04-24 05:18:35.634538,1,0.63379
04.44,960.56,60.55,2024-04-24 05:28:35.638385,1,0.63379
04.46,960.51,60.50,2024-04-24 05:38:35.642221,1,0.63379
03.86,960.55,61.84,2024-04-24 05:48:35.646079,1,0.63379
04.65,960.58,60.45,2024-04-24 05:58:35.649920,1,0.63379
04.53,960.62,60.47,2024-04-24 06:08:35.653777,1,0.63379
04.49,960.53,59.20,2024-04-24 06:18:35.658120,1,0.63379
04.66,960.40,59.34,2024-04-24 06:28:35.662483,1,0.63379
04.70,960.46,59.40,2024-04-24 06:38:35.666363,1,0.63379
04.60,960.45,59.69,2024-04-24 06:48:35.670214,1,0.63379
04.67,960.34,59.50,2024-04-24 06:58:35.674065,1,0.63379
04.36,960.36,60.05,2024-04-24 07:08:35.677916,1,0.63379
04.17,960.28,61.45,2024-04-24 07:18:35.681912,1,0.63379
05.03,960.14,58.28,2024-04-24 07:28:35.685927,1,0.63379
04.68,960.09,59.39,2024-04-24 07:38:35.689927,1,0.63379
04.48,960.09,59.57,2024-04-24 07:48:35.694231,1,0.63379
04.98,959.97,60.18,2024-04-24 07:58:35.698597,1,0.63379
05.07,959.82,60.25,2024-04-24 08:08:35.702969,1,0.63379
05.30,959.65,59.76,2024-04-24 08:18:35.707297,1,0.63379
06.62,959.58,55.86,2024-04-24 08:28:35.711629,1,0.63379
06.46,959.60,56.60,2024-04-24 08:38:35.715439,1,0.63379
07.41,959.49,52.84,2024-04-24 08:48:35.719769,1,0.63379
06.19,959.42,54.02,2024-04-24 08:58:35.724097,1,0.67032
06.61,959.44,56.01,2024-04-24 09:08:35.728104,1,0.63379
06.96,959.36,53.65,2024-04-24 09:18:35.732459,1,0.63379
06.76,959.29,52.65,2024-04-24 09:28:35.736524,1,0.63379
07.46,959.14,50.44,2024-04-24 09:38:35.740534,1,0.63379
08.28,959.08,47.24,2024-04-24 09:48:35.744568,1,0.63379
08.73,959.11,46.69,2024-04-24 09:58:35.748419,1,0.63379
07.20,959.22,49.42,2024-04-24 10:08:35.752433,1,0.63379
07.69,959.20,48.29,2024-04-24 10:18:35.756287,1,0.63379
07.25,959.08,50.68,2024-04-24 10:28:35.760141,1,0.63379
07.28,959.22,50.91,2024-04-24 10:38:35.763994,1,0.63379
07.78,959.14,50.10,2024-04-24 10:48:35.767835,1,0.63379
08.57,959.07,47.65,2024-04-24 10:58:35.771686,1,0.63379
08.40,959.06,49.18,2024-04-24 11:08:35.775537,1,0.63379
08.11,959.09,51.92,2024-04-24 11:18:35.779395,1,0.63379
08.08,959.11,57.53,2024-04-24 11:28:35.783243,1,0.63379
07.94,959.03,60.45,2024-04-24 11:38:35.787095,1,0.63379
08.57,959.09,55.36,2024-04-24 11:48:35.790943,1,0.63379
07.69,959.13,59.03,2024-04-24 11:58:35.794838,1,0.63379
07.71,959.18,58.82,2024-04-24 12:08:35.798679,1,0.63379
07.20,959.22,58.22,2024-04-24 12:18:35.802550,1,0.63379
07.28,959.10,59.56,2024-04-24 12:28:35.806385,1,0.63379
07.50,958.99,57.48,2024-04-24 12:38:35.810298,1,0.63379
07.21,958.99,57.66,2024-04-24 12:48:35.814149,1,0.63379
07.36,958.72,57.24,2024-04-24 12:58:35.817999,1,0.63379
08.00,958.57,58.07,2024-04-24 13:08:35.821837,1,0.63379
07.62,958.59,55.38,2024-04-24 13:18:35.825688,1,2.64292
08.33,958.42,53.27,2024-04-24 13:28:35.830024,1,0.63379
08.87,958.30,53.22,2024-04-24 13:38:35.834378,1,0.63379
08.67,958.20,50.76,2024-04-24 13:48:35.838716,1,0.63379
08.60,958.20,51.72,2024-04-24 13:58:35.843058,1,0.63379
09.50,958.22,49.36,2024-04-24 14:08:35.847384,1,0.63379
08.28,958.13,51.89,2024-04-24 14:18:35.851686,1,0.63379
08.94,958.00,53.27,2024-04-24 14:28:35.856023,1,0.00000
10.08,957.98,52.35,2024-04-24 14:38:35.860361,1,0.63379
09.25,957.90,53.86,2024-04-24 14:48:35.864696,1,0.63379
08.86,957.98,54.53,2024-04-24 14:58:35.868548,1,0.63379
09.22,957.79,54.66,2024-04-24 15:08:35.872402,1,0.63379
08.58,957.55,51.99,2024-04-24 15:18:35.876265,1,0.00000
08.90,957.55,50.00,2024-04-24 15:28:35.880105,1,0.63379
07.53,957.82,55.97,2024-04-24 15:38:35.883942,1,0.00000
07.76,958.11,63.94,2024-04-24 15:48:35.887788,1,0.63379
06.99,958.12,65.24,2024-04-24 15:58:35.891633,1,0.63379
08.39,957.88,64.00,2024-04-24 16:08:35.895472,0,0.63379
09.43,957.61,59.44,2024-04-24 16:18:35.899329,1,0.63379
08.49,957.25,59.10,2024-04-24 16:28:35.903346,1,0.63379
08.82,957.07,58.22,2024-04-24 16:38:35.907358,1,0.00000
08.74,956.99,55.98,2024-04-24 16:48:35.911374,1,0.63379
09.23,956.96,53.14,2024-04-24 16:58:35.915229,1,0.63379
09.47,956.85,53.82,2024-04-24 17:08:35.919252,1,0.63379
09.57,956.84,52.89,2024-04-24 17:18:35.923276,1,0.63379
09.36,957.12,52.96,2024-04-24 17:28:35.927294,1,0.83470
10.36,957.00,50.67,2024-04-24 17:38:35.931142,1,0.63379
08.88,957.24,52.27,2024-04-24 17:48:35.934967,1,0.63379
07.90,957.61,59.89,2024-04-24 17:58:35.938827,1,0.63379
06.87,957.93,70.46,2024-04-24 18:08:35.942660,1,0.63379
07.55,957.81,68.51,2024-04-24 18:18:35.946513,1,0.63379
07.18,957.66,66.40,2024-04-24 18:28:35.950384,1,0.63379
08.23,957.50,65.54,2024-04-24 18:38:35.954218,1,0.63379
06.68,957.36,68.44,2024-04-24 18:48:35.958058,1,0.63379
07.18,957.36,68.47,2024-04-24 18:58:35.962085,1,0.63379
07.96,957.30,67.41,2024-04-24 19:08:35.965933,1,0.63379
08.43,957.48,65.89,2024-04-24 19:18:35.969783,1,0.63379
08.51,957.57,65.20,2024-04-24 19:28:35.973795,1,0.63379
08.15,957.92,63.39,2024-04-24 19:38:35.977827,1,0.63379
06.44,958.24,70.44,2024-04-24 19:48:35.981677,1,0.63379
05.97,958.43,72.12,2024-04-24 19:58:35.985509,1,0.63379
05.90,958.33,72.35,2024-04-24 20:08:35.989366,1,0.63379
06.37,957.99,70.44,2024-04-24 20:18:35.993163,1,0.63379
06.71,958.15,71.40,2024-04-24 20:28:35.997009,1,0.63379
06.19,958.25,67.59,2024-04-24 20:38:36.000868,1,0.63379
07.13,958.18,69.14,2024-04-24 20:48:36.004878,1,0.63379
06.81,958.39,69.41,2024-04-24 20:58:36.008892,1,0.63379
06.16,958.45,70.67,2024-04-24 21:08:36.012915,1,0.63379
07.25,958.56,67.13,2024-04-24 21:18:36.016935,1,0.63379
06.61,958.44,67.02,2024-04-24 21:28:36.021287,0,0.63379
07.38,958.39,66.69,2024-04-24 21:38:36.025153,0,0.63379
07.23,958.45,66.49,2024-04-24 21:48:36.029474,0,0.63379
06.51,958.64,66.87,2024-04-24 21:58:36.033808,0,0.63379
06.49,958.68,69.50,2024-04-24 22:08:36.037642,0,0.63379
06.48,958.77,67.39,2024-04-24 22:18:36.041487,0,0.63379
06.18,958.85,68.63,2024-04-24 22:28:36.045326,0,0.63379
05.03,958.76,70.13,2024-04-24 22:38:36.049185,0,0.63379
05.37,958.81,68.52,2024-04-24 22:48:36.053039,0,0.63379
05.99,958.85,68.11,2024-04-24 22:58:36.056875,0,0.63379
06.07,958.85,69.60,2024-04-24 23:08:36.060722,0,0.63379
05.81,958.91,70.22,2024-04-24 23:18:36.064566,1,0.63379
05.34,958.86,70.51,2024-04-24 23:28:36.068407,0,0.63379
05.50,958.81,69.44,2024-04-24 23:38:36.072232,0,0.63379
05.97,958.77,68.68,2024-04-24 23:48:36.076089,1,0.63379
06.10,958.75,69.60,2024-04-24 23:58:36.079924,0,0.63379
06.59,958.66,68.89,2024-04-25 00:08:36.083755,0,0.63379
05.94,958.67,70.00,2024-04-25 00:18:36.087607,0,0.63379
05.85,958.76,67.50,2024-04-25 00:28:36.091442,0,0.63379
06.46,958.75,66.63,2024-04-25 00:38:36.095458,0,0.63379
05.68,958.73,69.84,2024-04-25 00:48:36.099296,0,0.63379
06.13,958.63,68.29,2024-04-25 00:58:36.103142,0,0.63379
06.04,958.59,68.90,2024-04-25 01:08:36.107446,1,0.63379
05.24,958.68,71.17,2024-04-25 01:18:36.111736,0,0.63379
05.17,958.72,71.52,2024-04-25 01:28:36.116034,0,0.63379
06.02,958.70,69.52,2024-04-25 01:38:36.120344,0,0.63379
06.16,958.64,68.77,2024-04-25 01:48:36.124188,0,0.63379
05.62,958.52,70.49,2024-04-25 01:58:36.128048,0,0.63379
06.37,958.44,68.66,2024-04-25 02:08:36.131893,0,0.63379
06.30,958.34,68.87,2024-04-25 02:18:36.135734,0,0.63379
05.81,958.28,70.46,2024-04-25 02:28:36.139587,0,0.63379
05.74,958.21,70.22,2024-04-25 02:38:36.143417,0,0.63379
06.86,958.09,67.51,2024-04-25 02:48:36.147246,0,0.63379
06.12,958.03,69.07,2024-04-25 02:58:36.151541,0,0.63379
05.43,958.03,71.34,2024-04-25 03:08:36.155846,0,0.63379
06.12,957.90,69.20,2024-04-25 03:18:36.160145,0,0.63379
06.19,957.91,68.89,2024-04-25 03:28:36.164469,0,0.63379
05.82,957.85,71.02,2024-04-25 03:38:36.168325,0,0.63379
05.72,957.75,70.69,2024-04-25 03:48:36.172174,0,0.63379
06.84,957.67,68.85,2024-04-25 03:58:36.176031,0,0.63379
05.95,957.70,69.95,2024-04-25 04:08:36.179885,0,0.63379
05.66,957.85,69.52,2024-04-25 04:18:36.183740,0,0.63379
06.26,957.66,69.58,2024-04-25 04:28:36.187587,0,0.63379
06.59,957.57,66.98,2024-04-25 04:38:36.191429,0,0.63379
05.17,957.58,70.81,2024-04-25 04:48:36.195229,0,0.63379
04.85,957.60,71.66,2024-04-25 04:58:36.199081,0,0.63379
05.29,957.55,70.02,2024-04-25 05:08:36.202933,0,0.63379
05.02,957.55,70.99,2024-04-25 05:18:36.206800,0,0.63379
05.80,957.46,68.78,2024-04-25 05:28:36.210644,0,0.63379
05.50,957.54,69.16,2024-04-25 05:38:36.214958,0,0.63379
05.20,957.54,70.72,2024-04-25 05:48:36.219245,0,0.63379
05.59,957.51,71.21,2024-04-25 05:58:36.223550,0,0.63379
05.28,957.48,70.58,2024-04-25 06:08:36.227551,0,0.63379
05.30,957.59,70.58,2024-04-25 06:18:36.231529,0,0.63379
05.18,957.61,71.04,2024-04-25 06:28:36.235379,0,0.70685
05.91,957.67,68.58,2024-04-25 06:38:36.239217,0,0.63379
05.47,957.70,70.43,2024-04-25 06:48:36.243078,0,0.63379
05.83,957.72,69.53,2024-04-25 06:58:36.246941,0,0.63379
06.69,957.61,68.50,2024-04-25 07:08:36.250803,0,0.63379
05.73,957.78,70.29,2024-04-25 07:18:36.254654,0,0.63379
05.67,957.82,70.74,2024-04-25 07:28:36.258519,0,0.63379
05.98,957.83,68.75,2024-04-25 07:38:36.262364,0,0.63379
06.12,957.92,68.09,2024-04-25 07:48:36.266212,0,0.63379
06.05,957.91,69.69,2024-04-25 07:58:36.270043,1,0.63379
06.00,957.95,70.48,2024-04-25 08:08:36.273894,1,0.63379
06.43,957.97,68.67,2024-04-25 08:18:36.277741,1,0.63379
07.03,958.01,66.42,2024-04-25 08:28:36.281574,1,0.63379
07.33,957.98,66.24,2024-04-25 08:38:36.285404,1,0.63379
06.45,957.96,67.98,2024-04-25 08:48:36.289263,0,0.63379
07.59,958.01,64.92,2024-04-25 08:58:36.293115,1,0.63379
07.22,957.86,66.33,2024-04-25 09:08:36.297130,1,0.63379
07.51,957.92,64.60,2024-04-25 09:18:36.300971,1,0.63379
06.97,957.91,66.76,2024-04-25 09:28:36.304805,1,0.63379
08.31,957.89,63.93,2024-04-25 09:38:36.308696,1,0.63379
07.76,957.93,64.90,2024-04-25 09:48:36.312546,1,0.63379
07.32,957.92,64.07,2024-04-25 09:58:36.316397,1,0.63379
07.69,957.91,65.14,2024-04-25 10:08:36.320246,1,0.63379
08.21,957.89,62.26,2024-04-25 10:18:36.324084,1,0.63379
08.19,957.96,61.87,2024-04-25 10:28:36.327956,1,0.63379
08.49,957.92,61.90,2024-04-25 10:38:36.331958,1,0.63379
07.67,957.97,60.91,2024-04-25 10:48:36.335961,1,0.63379
07.56,957.93,63.53,2024-04-25 10:58:36.340272,1,0.63379
07.65,957.99,62.37,2024-04-25 11:08:36.344310,1,0.63379
07.37,957.97,65.18,2024-04-25 11:18:36.348161,1,0.63379
07.21,958.04,65.37,2024-04-25 11:28:36.352003,1,0.63379
06.98,958.00,66.46,2024-04-25 11:38:36.356303,1,0.63379
09.29,957.90,63.25,2024-04-25 11:48:36.360342,1,0.63379
09.40,957.91,58.16,2024-04-25 11:58:36.364355,1,0.63379
07.04,957.99,66.00,2024-04-25 12:08:36.368204,0,0.63379
08.10,957.86,62.04,2024-04-25 12:18:36.372057,0,0.63379
08.16,957.76,62.59,2024-04-25 12:28:36.376370,0,0.63379
07.93,957.67,61.61,2024-04-25 12:38:36.380688,0,0.63379
08.32,957.45,59.81,2024-04-25 12:48:36.384533,0,0.63379
08.77,957.42,59.98,2024-04-25 12:58:36.388385,0,0.63379
08.94,957.32,61.88,2024-04-25 13:08:36.392229,0,0.63379
07.99,957.46,58.64,2024-04-25 13:18:36.396071,0,0.63379
09.13,957.41,59.52,2024-04-25 13:28:36.399946,0,0.63379
08.57,957.37,56.66,2024-04-25 13:38:36.403797,0,0.63379
10.68,957.29,52.96,2024-04-25 13:48:36.407643,0,0.63379
09.74,957.38,55.00,2024-04-25 13:58:36.411493,0,0.63379
08.97,957.36,56.88,2024-04-25 14:08:36.415355,1,0.81644
09.21,957.21,56.13,2024-04-25 14:18:36.419270,1,0.63379
08.73,957.08,56.20,2024-04-25 14:28:36.423101,1,0.63379
09.86,957.03,51.90,2024-04-25 14:38:36.426949,1,0.63379
10.40,956.97,50.93,2024-04-25 14:48:36.430985,1,0.63379
10.10,957.07,51.34,2024-04-25 14:58:36.434833,1,0.63379
09.23,957.08,54.45,2024-04-25 15:08:36.438846,1,0.63379
07.87,957.11,53.98,2024-04-25 15:18:36.442692,1,0.00000
09.45,956.95,51.74,2024-04-25 15:28:36.446539,1,0.63379
10.57,956.70,49.74,2024-04-25 15:38:36.450388,1,0.63379
10.19,956.59,48.85,2024-04-25 15:48:36.454229,1,0.63379
09.66,956.67,50.79,2024-04-25 15:58:36.458073,1,0.63379
10.66,956.31,49.10,2024-04-25 16:08:36.461915,1,0.63379
09.85,956.37,51.35,2024-04-25 16:18:36.465761,1,0.63379
10.72,956.22,49.31,2024-04-25 16:28:36.469610,1,0.63379
10.20,956.30,51.61,2024-04-25 16:38:36.473614,1,0.63379
11.42,956.24,47.52,2024-04-25 16:48:36.477625,1,0.63379
10.90,956.21,48.28,2024-04-25 16:58:36.481460,1,0.63379
09.92,956.30,48.74,2024-04-25 17:08:36.485319,1,0.63379
11.50,956.23,46.48,2024-04-25 17:18:36.489164,1,0.63379
10.87,956.15,49.68,2024-04-25 17:28:36.493440,1,0.63379
11.42,956.08,48.25,2024-04-25 17:38:36.497736,1,0.63379
11.36,956.05,47.91,2024-04-25 17:48:36.501756,1,0.63379
11.65,956.00,47.13,2024-04-25 17:58:36.505726,1,0.63379
10.99,955.92,48.75,2024-04-25 18:08:36.509570,1,0.63379
11.75,955.83,47.63,2024-04-25 18:18:36.513406,1,0.63379
12.08,955.84,45.83,2024-04-25 18:28:36.517256,1,0.63379
11.68,955.85,47.50,2024-04-25 18:38:36.521119,1,0.63379
11.61,955.83,48.02,2024-04-25 18:48:36.524954,1,0.63379
10.79,955.93,49.51,2024-04-25 18:58:36.528797,1,0.63379
10.55,955.85,50.90,2024-04-25 19:08:36.532647,1,0.63379
10.53,955.89,50.44,2024-04-25 19:18:36.536524,1,0.63379
10.00,955.86,50.23,2024-04-25 19:28:36.540386,1,0.63379
11.21,955.84,48.93,2024-04-25 19:38:36.544235,1,0.63379
10.89,955.88,51.86,2024-04-25 19:48:36.548079,1,0.63379
10.12,955.85,51.11,2024-04-25 19:58:36.551904,1,0.63379
10.74,955.92,53.62,2024-04-25 20:08:36.555917,1,0.63379
10.01,956.02,49.12,2024-04-25 20:18:36.559909,1,0.63379
10.79,955.99,52.00,2024-04-25 20:28:36.563908,1,0.63379
10.09,955.96,55.03,2024-04-25 20:38:36.568182,1,0.63379
09.78,956.04,56.24,2024-04-25 20:48:36.572491,1,0.63379
09.69,956.17,53.98,2024-04-25 20:58:36.576326,1,0.63379
09.61,956.16,56.56,2024-04-25 21:08:36.580169,1,0.63379
09.54,956.21,57.30,2024-04-25 21:18:36.584019,1,0.63379
09.18,956.27,58.16,2024-04-25 21:28:36.587870,1,0.63379
09.14,956.31,57.84,2024-04-25 21:38:36.591713,1,0.63379
08.62,956.38,58.84,2024-04-25 21:48:36.595586,1,0.63379
08.70,956.48,57.70,2024-04-25 21:58:36.599443,1,0.63379
08.15,956.46,58.86,2024-04-25 22:08:36.603294,1,0.63379
07.76,956.46,59.36,2024-04-25 22:18:36.607140,1,0.63379
07.69,956.47,59.56,2024-04-25 22:28:36.610988,1,0.63379
07.37,956.56,60.22,2024-04-25 22:38:36.614853,1,0.63379
07.41,956.57,59.62,2024-04-25 22:48:36.618691,1,0.63379
07.18,956.47,59.58,2024-04-25 22:58:36.622527,1,0.63379
07.06,956.56,60.32,2024-04-25 23:08:36.626401,1,0.63379
07.08,956.56,59.35,2024-04-25 23:18:36.630240,1,0.63379
06.59,956.52,61.16,2024-04-25 23:28:36.634066,1,0.63379
06.94,956.49,59.85,2024-04-25 23:38:36.637903,1,0.63379
06.77,956.49,59.77,2024-04-25 23:48:36.641740,1,0.63379
06.50,956.47,60.19,2024-04-25 23:58:36.645601,1,0.63379
06.16,956.61,59.74,2024-04-26 00:08:36.649590,1,0.63379
06.28,956.57,59.29,2024-04-26 00:18:36.653434,1,0.63379
06.06,956.52,59.96,2024-04-26 00:28:36.657275,1,0.63379
05.96,956.54,60.66,2024-04-26 00:38:36.661131,1,0.63379
05.53,956.57,61.13,2024-04-26 00:48:36.664980,1,0.63379
05.95,956.56,60.00,2024-04-26 00:58:36.668843,1,0.63379
06.12,956.51,59.66,2024-04-26 01:08:36.672696,1,0.63379
06.08,956.46,59.08,2024-04-26 01:18:36.676543,1,0.63379
05.90,956.45,59.25,2024-04-26 01:28:36.680387,1,0.63379
05.61,956.41,60.01,2024-04-26 01:38:36.684223,1,0.63379
05.53,956.35,59.44,2024-04-26 01:48:36.688065,1,0.63379
05.68,956.18,59.67,2024-04-26 01:58:36.691915,1,0.63379
05.06,956.16,61.74,2024-04-26 02:08:36.695761,1,0.63379
05.18,956.03,59.80,2024-04-26 02:18:36.699610,1,0.63379
05.22,955.92,59.31,2024-04-26 02:28:36.703449,1,0.63379
05.37,955.87,60.18,2024-04-26 02:38:36.707274,1,0.63379
05.45,955.78,59.35,2024-04-26 02:48:36.711110,1,0.63379
04.45,955.86,61.45,2024-04-26 02:58:36.714952,1,0.63379
04.91,955.84,60.68,2024-04-26 03:08:36.718805,1,0.63379
03.91,955.90,64.61,2024-04-26 03:18:36.722636,1,0.63379
04.06,955.80,64.10,2024-04-26 03:28:36.726485,1,0.63379
05.46,955.73,61.53,2024-04-26 03:38:36.730387,1,0.63379
04.54,955.82,62.46,2024-04-26 03:48:36.734240,1,0.63379
05.73,955.76,59.93,2024-04-26 03:58:36.738086,1,0.63379
05.40,955.79,60.67,2024-04-26 04:08:36.741935,1,0.63379
05.65,955.71,60.38,2024-04-26 04:18:36.745791,1,0.63379
05.52,955.71,61.45,2024-04-26 04:28:36.749617,1,0.63379
05.07,955.61,61.85,2024-04-26 04:38:36.753454,1,0.63379
05.43,955.53,60.91,2024-04-26 04:48:36.757296,1,0.63379
05.32,955.62,62.02,2024-04-26 04:58:36.761158,1,0.63379
05.08,955.51,61.53,2024-04-26 05:08:36.764991,1,0.63379
05.02,955.49,62.05,2024-04-26 05:18:36.768846,1,0.63379
05.80,955.36,60.75,2024-04-26 05:28:36.772688,1,0.63379
05.61,955.30,61.64,2024-04-26 05:38:36.776533,1,0.63379
05.74,955.19,61.87,2024-04-26 05:48:36.780374,1,0.63379
05.02,955.18,62.71,2024-04-26 05:58:36.784221,1,0.63379
06.16,955.06,60.92,2024-04-26 06:08:36.788063,1,0.63379
05.42,955.06,63.21,2024-04-26 06:18:36.791900,1,0.63379
04.54,955.00,65.63,2024-04-26 06:28:36.795732,1,0.63379
04.60,955.01,65.42,2024-04-26 06:38:36.799585,1,0.63379
06.18,954.89,61.29,2024-04-26 06:48:36.803432,1,0.63379
04.77,955.05,65.41,2024-04-26 06:58:36.807274,1,0.63379
04.49,955.24,66.53,2024-04-26 07:08:36.811111,1,0.63379
05.64,955.27,63.38,2024-04-26 07:18:36.814949,1,0.63379
06.18,955.34,61.97,2024-04-26 07:28:36.818814,1,0.63379
05.68,955.28,65.73,2024-04-26 07:38:36.822627,1,0.63379
04.32,955.38,69.69,2024-04-26 07:48:36.826485,1,0.63379
05.98,955.23,65.99,2024-04-26 07:58:36.830349,1,0.63379
06.30,955.27,65.25,2024-04-26 08:08:36.834380,1,0.63379
07.11,955.34,62.80,2024-04-26 08:18:36.838413,1,0.63379
04.99,955.47,69.28,2024-04-26 08:28:36.842397,1,0.63379
05.70,955.59,68.25,2024-04-26 08:38:36.846742,1,0.63379
06.35,955.59,67.74,2024-04-26 08:48:36.850761,1,0.63379
06.03,955.57,68.56,2024-04-26 08:58:36.854801,1,0.63379
06.52,955.57,67.39,2024-04-26 09:08:36.858858,1,0.63379
08.52,955.51,62.69,2024-04-26 09:18:36.863205,1,0.63379
08.77,955.48,63.81,2024-04-26 09:28:36.867490,1,0.63379
08.45,955.54,66.35,2024-04-26 09:38:36.871340,1,1.05388
09.44,955.47,64.61,2024-04-26 09:48:36.875664,1,0.63379
10.26,955.44,61.41,2024-04-26 09:58:36.879976,1,0.63379
09.38,955.52,64.62,2024-04-26 10:08:36.884309,1,0.98082
10.18,955.59,62.45,2024-04-26 10:18:36.888627,1,0.63379
10.80,955.57,61.24,2024-04-26 10:28:36.892954,1,0.63379
09.56,955.75,63.24,2024-04-26 10:38:36.897248,1,1.34612
09.95,955.78,61.99,2024-04-26 10:48:36.901096,1,0.63379
11.22,955.80,59.39,2024-04-26 10:58:36.904940,1,0.63379
12.01,955.80,56.49,2024-04-26 11:08:36.908790,1,0.63379
11.52,955.71,57.19,2024-04-26 11:18:36.912642,1,0.67032
12.59,955.84,55.67,2024-04-26 11:28:36.916497,1,0.00000
12.02,955.81,54.30,2024-04-26 11:38:36.920350,1,0.63379
11.94,955.88,56.25,2024-04-26 11:48:36.924201,1,0.63379
12.99,955.89,52.80,2024-04-26 11:58:36.928053,1,0.63379
12.48,956.21,53.20,2024-04-26 12:08:36.932385,1,0.00000
13.04,956.03,51.50,2024-04-26 12:18:36.936230,1,0.63379
13.03,956.14,50.94,2024-04-26 12:28:36.940529,1,0.63379
12.72,956.03,53.81,2024-04-26 12:38:36.944361,1,0.00000
11.36,956.22,56.40,2024-04-26 12:48:36.948213,1,0.00000
12.44,956.33,54.55,2024-04-26 12:58:36.952062,1,0.63379
12.12,956.33,54.90,2024-04-26 13:08:36.955928,1,0.63379
12.59,956.16,53.49,2024-04-26 13:18:36.960264,1,0.63379
13.17,956.10,52.08,2024-04-26 13:28:36.964564,1,0.63379
12.73,956.19,52.61,2024-04-26 13:38:36.968888,1,0.63379
12.62,956.16,53.21,2024-04-26 13:48:36.973236,1,0.63379
12.95,956.23,52.82,2024-04-26 13:58:36.977559,1,0.63379
12.95,956.30,53.30,2024-04-26 14:08:36.981399,1,0.72511
14.38,956.18,49.19,2024-04-26 14:18:36.985247,1,0.63379
13.97,956.19,52.01,2024-04-26 14:28:36.989095,1,0.63379
12.83,956.22,53.62,2024-04-26 14:38:36.992945,1,0.63379
13.44,956.31,51.71,2024-04-26 14:48:36.997274,1,0.63379
13.81,956.25,50.09,2024-04-26 14:58:37.001133,1,0.63379
14.84,955.95,48.29,2024-04-26 15:08:37.004965,1,0.63379
15.02,955.93,47.44,2024-04-26 15:18:37.008815,1,0.63379
15.21,955.87,46.07,2024-04-26 15:28:37.012659,1,0.63379
15.06,955.85,45.85,2024-04-26 15:38:37.016505,1,0.63379
14.17,955.90,47.51,2024-04-26 15:48:37.020338,1,0.63379
14.10,955.78,48.38,2024-04-26 15:58:37.024258,1,0.63379
14.21,955.69,47.34,2024-04-26 16:08:37.028102,1,0.63379
14.78,955.55,46.69,2024-04-26 16:18:37.031955,1,0.63379
15.39,955.59,45.29,2024-04-26 16:28:37.035798,1,0.63379
14.28,955.61,46.80,2024-04-26 16:38:37.039658,1,0.63379
14.85,955.54,46.16,2024-04-26 16:48:37.043493,1,0.63379
14.21,955.60,46.70,2024-04-26 16:58:37.047342,1,0.63379
15.73,955.54,43.81,2024-04-26 17:08:37.051192,1,0.63379
15.53,955.52,45.06,2024-04-26 17:18:37.055029,1,0.63379
15.22,955.54,45.63,2024-04-26 17:28:37.058887,1,0.63379
15.10,955.51,46.31,2024-04-26 17:38:37.062724,1,0.63379
15.12,955.61,45.82,2024-04-26 17:48:37.066584,1,0.63379
14.01,955.68,47.82,2024-04-26 17:58:37.070399,1,0.63379
14.28,955.65,47.68,2024-04-26 18:08:37.074242,1,0.63379
14.31,955.63,47.56,2024-04-26 18:18:37.078096,1,0.63379
14.45,955.56,47.99,2024-04-26 18:28:37.081931,1,0.63379
14.39,955.67,47.21,2024-04-26 18:38:37.085786,1,0.63379
13.99,955.73,48.92,2024-04-26 18:48:37.089628,1,0.63379
14.08,955.82,48.55,2024-04-26 18:58:37.093476,1,0.63379
14.45,955.81,47.85,2024-04-26 19:08:37.097329,1,0.63379
14.76,955.97,48.13,2024-04-26 19:18:37.101180,1,0.00000
14.22,956.31,50.16,2024-04-26 19:28:37.105026,1,0.63379
13.41,956.36,52.44,2024-04-26 19:38:37.108869,1,2.20457
13.89,956.42,51.61,2024-04-26 19:48:37.112719,1,0.00000
13.55,956.49,52.46,2024-04-26 19:58:37.116550,1,0.76164
13.84,956.60,55.23,2024-04-26 20:08:37.120401,1,0.63379
13.78,956.66,58.60,2024-04-26 20:18:37.124247,1,0.63379
13.04,956.78,62.90,2024-04-26 20:28:37.128098,1,0.63379
13.31,956.92,59.89,2024-04-26 20:38:37.131975,1,0.63379
13.48,957.03,59.95,2024-04-26 20:48:37.135822,1,0.63379
14.24,957.04,58.79,2024-04-26 20:58:37.139655,1,0.63379
14.23,957.17,58.80,2024-04-26 21:08:37.143479,1,0.63379
13.48,957.29,60.20,2024-04-26 21:18:37.147304,1,0.63379
13.27,957.33,60.25,2024-04-26 21:28:37.151129,1,0.63379
12.42,957.32,61.29,2024-04-26 21:38:37.154965,1,0.63379
13.63,957.22,60.67,2024-04-26 21:48:37.158821,0,0.63379
13.62,957.17,59.64,2024-04-26 21:58:37.162664,1,0.63379
13.09,957.28,61.37,2024-04-26 22:08:37.166532,1,0.63379
13.73,957.37,59.92,2024-04-26 22:18:37.170398,1,0.63379
13.53,957.34,60.60,2024-04-26 22:28:37.174250,1,0.63379
13.39,957.17,59.81,2024-04-26 22:38:37.178098,1,0.63379
13.63,957.12,60.97,2024-04-26 22:48:37.181938,1,0.63379
13.22,957.10,61.53,2024-04-26 22:58:37.185790,1,0.63379
13.32,957.16,61.70,2024-04-26 23:08:37.189640,1,0.63379
13.11,957.23,61.96,2024-04-26 23:18:37.193487,1,0.63379
12.80,957.16,62.37,2024-04-26 23:28:37.197337,1,0.63379
12.87,957.19,61.85,2024-04-26 23:38:37.201196,1,0.63379
13.17,957.21,60.89,2024-04-26 23:48:37.205039,1,0.63379
13.23,957.20,60.69,2024-04-26 23:58:37.208880,1,0.63379
13.00,957.24,60.74,2024-04-27 00:08:37.212728,1,0.63379
12.73,957.38,61.42,2024-04-27 00:18:37.216572,1,0.63379
12.78,957.47,61.17,2024-04-27 00:28:37.220588,1,0.63379
12.42,957.60,62.49,2024-04-27 00:38:37.224909,1,0.63379
12.81,957.47,61.05,2024-04-27 00:48:37.228733,1,0.63379
12.70,957.49,61.25,2024-04-27 00:58:37.232584,1,0.63379
12.43,957.53,61.71,2024-04-27 01:08:37.236432,1,0.63379
11.35,957.60,63.88,2024-04-27 01:18:37.240278,1,0.63379
12.47,957.61,61.13,2024-04-27 01:28:37.244116,1,0.63379
12.34,957.54,61.46,2024-04-27 01:38:37.247956,1,0.63379
11.46,957.57,64.29,2024-04-27 01:48:37.251799,1,0.63379
11.98,957.51,61.51,2024-04-27 01:58:37.255631,1,0.63379
11.53,957.50,62.84,2024-04-27 02:08:37.259502,1,0.63379
11.83,957.54,61.70,2024-04-27 02:18:37.263346,1,0.63379
11.39,957.52,63.13,2024-04-27 02:28:37.267186,1,0.63379
11.93,957.58,61.17,2024-04-27 02:38:37.271036,1,0.63379
11.81,957.61,61.52,2024-04-27 02:48:37.274881,1,0.63379
11.91,957.58,61.27,2024-04-27 02:58:37.278728,1,0.63379
10.85,957.66,65.13,2024-04-27 03:08:37.282591,1,0.63379
11.81,957.58,61.77,2024-04-27 03:18:37.286450,1,0.63379
11.71,957.69,62.57,2024-04-27 03:28:37.290299,1,0.63379
11.40,957.61,63.07,2024-04-27 03:38:37.294144,1,0.63379
10.89,957.73,68.04,2024-04-27 03:48:37.297986,1,0.63379
11.14,957.73,65.40,2024-04-27 03:58:37.301837,1,0.63379
10.18,957.78,67.54,2024-04-27 04:08:37.306154,0,0.63379
09.95,957.88,68.50,2024-04-27 04:18:37.310503,0,0.63379
10.83,957.91,66.30,2024-04-27 04:28:37.314864,0,0.63379
11.57,957.82,63.95,2024-04-27 04:38:37.318716,0,0.63379
11.46,957.72,64.04,2024-04-27 04:48:37.322568,0,0.63379
11.10,957.78,63.57,2024-04-27 04:58:37.326400,0,0.63379
10.73,957.85,63.65,2024-04-27 05:08:37.330251,0,0.63379
10.81,957.86,63.58,2024-04-27 05:18:37.334096,0,0.63379
10.82,957.97,63.60,2024-04-27 05:28:37.337937,0,0.63379
10.69,957.99,63.20,2024-04-27 05:38:37.342230,0,0.63379
11.05,957.99,62.81,2024-04-27 05:48:37.346541,0,0.63379
10.49,958.05,65.08,2024-04-27 05:58:37.350563,0,0.63379
10.68,958.19,63.56,2024-04-27 06:08:37.354924,0,0.63379
10.66,958.20,63.67,2024-04-27 06:18:37.359240,0,0.63379
10.33,958.21,64.23,2024-04-27 06:28:37.363539,0,0.63379
10.16,958.25,65.09,2024-04-27 06:38:37.367832,0,0.63379
10.16,958.27,65.51,2024-04-27 06:48:37.372149,0,0.63379
09.10,958.34,67.49,2024-04-27 06:58:37.376447,0,0.63379
10.15,958.54,64.85,2024-04-27 07:08:37.380291,0,0.63379
10.03,958.49,65.34,2024-04-27 07:18:37.384120,0,0.63379
09.87,958.49,66.62,2024-04-27 07:28:37.387968,0,0.63379
10.66,958.53,65.51,2024-04-27 07:38:37.391817,0,0.63379
11.06,958.61,64.25,2024-04-27 07:48:37.395658,0,0.63379
10.71,958.68,66.86,2024-04-27 07:58:37.399502,0,0.63379
11.62,958.63,64.34,2024-04-27 08:08:37.403327,0,0.63379
10.23,958.69,68.30,2024-04-27 08:18:37.407156,0,0.63379
11.42,958.60,64.70,2024-04-27 08:28:37.410989,0,0.63379
11.65,958.61,65.58,2024-04-27 08:38:37.414847,0,0.63379
12.34,958.68,63.14,2024-04-27 08:48:37.418690,0,0.63379
12.84,958.62,61.96,2024-04-27 08:58:37.422535,0,0.63379
10.81,958.68,68.75,2024-04-27 09:08:37.426372,0,0.63379
13.50,958.60,60.02,2024-04-27 09:18:37.430222,0,0.63379
12.61,958.67,62.58,2024-04-27 09:28:37.434060,0,0.63379
13.69,958.60,60.47,2024-04-27 09:38:37.437899,0,0.63379
13.02,958.67,62.38,2024-04-27 09:48:37.442219,0,0.63379
14.31,958.63,58.70,2024-04-27 09:58:37.446063,1,0.63379
14.43,958.61,57.09,2024-04-27 10:08:37.449904,1,0.63379
13.41,958.63,59.13,2024-04-27 10:18:37.453748,1,0.63379
16.98,958.57,47.95,2024-04-27 10:28:37.457614,1,0.63379
17.52,958.46,44.54,2024-04-27 10:38:37.461450,1,0.63379
18.14,958.40,42.38,2024-04-27 10:48:37.465294,1,0.63379
16.72,958.39,43.87,2024-04-27 10:58:37.469153,1,0.63379
19.21,958.31,37.50,2024-04-27 11:08:37.472990,1,0.63379
18.23,958.17,38.60,2024-04-27 11:18:37.476832,1,0.63379
20.02,958.22,33.39,2024-04-27 11:28:37.480667,1,0.63379
19.73,958.24,32.16,2024-04-27 11:38:37.484506,1,0.63379
28.09,957.79,21.40,2024-04-27 11:48:37.488338,1,0.63379
28.81,957.79,20.41,2024-04-27 11:58:37.492178,1,0.63379
30.44,957.74,19.43,2024-04-27 12:08:37.496039,1,0.63379
31.98,957.55,18.23,2024-04-27 12:18:37.499892,1,0.63379
33.76,957.54,14.90,2024-04-27 12:28:37.503745,1,0.63379
33.06,957.41,15.70,2024-04-27 12:38:37.507591,1,0.63379
33.47,957.34,15.58,2024-04-27 12:48:37.511440,1,0.63379
32.69,957.17,17.24,2024-04-27 12:58:37.515293,1,0.63379
33.87,957.16,16.10,2024-04-27 13:08:37.519142,1,0.72511
34.68,957.00,16.42,2024-04-27 13:18:37.522995,1,0.63379
33.06,957.12,16.35,2024-04-27 13:28:37.526848,1,0.63379
32.90,956.99,17.60,2024-04-27 13:38:37.530696,1,0.63379
32.73,957.04,15.80,2024-04-27 13:48:37.534565,1,0.00000
33.25,956.82,16.53,2024-04-27 13:58:37.538423,1,0.63379
30.72,956.72,18.51,2024-04-27 14:08:37.542269,1,0.63379
31.07,956.75,18.30,2024-04-27 14:18:37.546121,1,0.63379
31.88,956.56,16.89,2024-04-27 14:28:37.549959,1,0.63379
30.66,956.49,17.28,2024-04-27 14:38:37.553807,1,0.63379
28.18,956.57,19.75,2024-04-27 14:48:37.557655,1,0.63379
28.18,956.45,19.50,2024-04-27 14:58:37.561512,1,0.63379
26.76,956.37,20.27,2024-04-27 15:08:37.565364,1,0.63379
26.51,956.33,20.39,2024-04-27 15:18:37.569216,1,0.63379
28.18,956.20,18.22,2024-04-27 15:28:37.573058,1,0.63379
27.35,956.12,18.86,2024-04-27 15:38:37.576899,1,0.63379
26.51,956.06,18.34,2024-04-27 15:48:37.580750,1,0.63379
26.43,956.03,19.40,2024-04-27 15:58:37.584601,1,0.63379
26.57,955.99,19.04,2024-04-27 16:08:37.588930,1,0.00000
25.98,955.82,19.27,2024-04-27 16:18:37.592765,1,0.63379
26.14,955.64,19.86,2024-04-27 16:28:37.596777,1,0.00000
24.89,955.75,20.35,2024-04-27 16:38:37.600625,1,0.85297
25.14,955.71,19.88,2024-04-27 16:48:37.604463,1,0.63379
25.42,955.60,19.66,2024-04-27 16:58:37.608308,1,0.63379
24.66,955.57,20.23,2024-04-27 17:08:37.612153,1,0.63379
25.61,955.47,20.11,2024-04-27 17:18:37.616010,1,0.63379
25.29,955.49,20.18,2024-04-27 17:28:37.619852,1,0.63379
24.60,955.45,21.15,2024-04-27 17:38:37.623768,1,0.63379
24.77,955.33,21.46,2024-04-27 17:48:37.628092,1,0.63379
24.84,955.27,20.79,2024-04-27 17:58:37.632429,1,0.63379
24.03,955.24,21.39,2024-04-27 18:08:37.636282,1,0.63379
24.33,955.25,21.15,2024-04-27 18:18:37.640130,1,0.63379
24.13,955.26,21.36,2024-04-27 18:28:37.643964,1,0.63379
24.15,955.28,21.48,2024-04-27 18:38:37.647797,1,0.63379
23.48,955.45,21.87,2024-04-27 18:48:37.651616,1,0.63379
23.73,955.34,22.89,2024-04-27 18:58:37.655453,1,0.63379
21.58,955.39,29.36,2024-04-27 19:08:37.659299,1,0.63379
22.02,955.43,28.76,2024-04-27 19:18:37.663146,1,0.63379
22.60,955.40,30.21,2024-04-27 19:28:37.666984,1,0.63379
21.70,955.42,32.05,2024-04-27 19:38:37.670847,1,0.63379
21.72,955.55,32.51,2024-04-27 19:48:37.674722,1,0.63379
21.51,955.49,31.98,2024-04-27 19:58:37.679078,1,0.63379
20.45,955.68,34.99,2024-04-27 20:08:37.682945,1,0.63379
21.08,955.74,35.00,2024-04-27 20:18:37.686967,1,0.63379
20.67,955.71,36.97,2024-04-27 20:28:37.690973,1,0.63379
20.16,955.72,36.61,2024-04-27 20:38:37.694979,1,0.63379
19.99,955.80,40.33,2024-04-27 20:48:37.698837,1,0.63379
19.61,955.82,41.69,2024-04-27 20:58:37.702671,1,0.63379
19.64,955.93,41.44,2024-04-27 21:08:37.706544,1,0.63379
19.41,956.04,42.60,2024-04-27 21:18:37.710390,1,0.63379
19.39,956.17,43.19,2024-04-27 21:28:37.714242,1,0.63379
17.46,956.29,45.85,2024-04-27 21:38:37.718084,1,0.63379
18.55,956.43,43.65,2024-04-27 21:48:37.721930,1,0.63379
18.61,956.63,44.27,2024-04-27 21:58:37.725776,1,0.63379
18.49,956.72,44.22,2024-04-27 22:08:37.729616,1,0.63379
17.99,956.82,46.05,2024-04-27 22:18:37.733458,1,0.63379
17.69,956.79,46.31,2024-04-27 22:28:37.737774,1,0.63379
17.52,956.83,47.43,2024-04-27 22:38:37.741647,1,0.63379
17.49,956.88,46.83,2024-04-27 22:48:37.745487,1,0.63379
17.05,956.90,47.77,2024-04-27 22:58:37.749331,1,0.63379
16.65,957.00,48.85,2024-04-27 23:08:37.753175,1,0.63379
17.26,957.00,46.89,2024-04-27 23:18:37.757013,1,0.63379
16.39,957.07,48.65,2024-04-27 23:28:37.760857,1,0.63379
15.32,957.16,51.28,2024-04-27 23:38:37.764693,1,0.63379
15.46,957.24,50.93,2024-04-27 23:48:37.768532,1,0.63379
14.81,957.32,51.38,2024-04-27 23:58:37.772382,1,0.63379
15.23,957.45,50.10,2024-04-28 00:08:37.776220,1,0.63379
14.84,957.39,51.17,2024-04-28 00:18:37.780067,1,0.63379
13.77,957.38,53.32,2024-04-28 00:28:37.783919,1,0.63379
15.04,957.43,50.59,2024-04-28 00:38:37.787761,1,0.63379
14.47,957.48,51.54,2024-04-28 00:48:37.791600,1,0.63379
13.39,957.50,53.02,2024-04-28 00:58:37.795437,1,0.63379
13.59,957.40,52.81,2024-04-28 01:08:37.799278,1,0.63379
14.45,957.52,50.83,2024-04-28 01:18:37.803110,1,0.63379
13.27,957.58,53.88,2024-04-28 01:28:37.806946,1,0.63379
13.41,957.58,53.98,2024-04-28 01:38:37.810788,1,0.63379
13.60,957.55,52.02,2024-04-28 01:48:37.814616,1,0.63379
13.91,957.71,51.93,2024-04-28 01:58:37.818467,1,0.63379
13.73,957.85,52.12,2024-04-28 02:08:37.822300,1,0.63379
11.81,957.74,56.61,2024-04-28 02:18:37.826136,1,0.63379
12.82,957.78,53.46,2024-04-28 02:28:37.829975,1,0.63379
13.09,957.73,53.70,2024-04-28 02:38:37.833811,1,0.63379
13.33,957.71,52.67,2024-04-28 02:48:37.837656,1,0.63379
13.02,957.53,52.75,2024-04-28 02:58:37.841500,1,0.63379